"Speaker","Text","Summary"
"Speaker 1","Hey check that out, did you see the Mercedes passing by?",
"Speaker 2","Yeah that was a sleek ride, probably one of those new models.",
"Speaker 1","Definitely, Mercedes always nails the designs down there, classy and elegant.",
"Speaker 2","Sure, those cars have a certain presence on the road.",
"Speaker 1","I wonder if the little grey door of the trip was something of a buy off?",
"Speaker 2","Could be, everyone's shifting towards eco friendly options these days.",
"Speaker 1","True, electric cars have become quite the trend.",
"Speaker 2","Have you thought about getting one?",
"Speaker 1","I haven't considered it. The current fuel prices, it's a smart choice.",
"Speaker 2","How about you?",
"Speaker 1","I'm thinking about it too, technology is advancing so fast that we don't want to.",
"Speaker 2","There's something about the sound of a roaring engine right?",
"Speaker 1","Absolutely, can't beat the feeling of a powerful engine already. And paying at the gas station.",
"Speaker 2","But you're right, it's a whole different experience, that's for sure.",
"Speaker 1","Probably for the electric.",
"Speaker 2","Yeah, for the electric cars you get that instant feel, it's a different kind of thrill.",
"Speaker 1","For sure, the acceleration is aggressive, plus the idea of not relying on gas stations isn't new.",
"Speaker 2","Convenience wise it's a game changer, just plug in at home and you've got to go.",
"Speaker 1","Definitely, the infrastructure for charging the stations isn't new.",
"Speaker 2","Have you seen those self driving car buses?",
"Speaker 1","Yeah, it's like something out of a sci-fi movie. Autonomous cars are cruising around.",
"Speaker 2","Yeah, I've seen that. Imagine having a computer where you can relax instead of driving.",
"Speaker 1","It could be the only way of driving. But I miss the thrill of taking a wheel.",
"Speaker 2","Look at that, the joy of driving can't be replaced with time.",
"Speaker 1","Absolutely.",
"Speaker 2","Hey, did you catch the classic Porsche 911 area?",
"Speaker 1","Oh yeah, the vintage unit. Those cars are such a delight to see.",
"Speaker 2","They do. Classic cars have a certain timeless grace.",
"Speaker 1","It's like a piece of history on wheels. The Dutch police used to drive around in 911s.",
"Speaker 2","Yeah, the orange, white and with a signal light on top. They were like works of art.",
"Speaker 1","Speaking of which, have you seen any restoration projects online?",
"Speaker 2","Yeah, those GLA restoration videos are addictive. It's amazing what they could do.",
"Speaker 1","It makes you appreciate the craftsmanship involved.",
"Speaker 2","Absolutely.",
"Speaker 1","So, any dream car you've always wanted to drive?",
"Speaker 2","Oh, definitely a classic, a 1960 Ford Mustang. Raw power and that iconic design are unmatched.",
"Speaker 1","How about you?",
"Speaker 2","I would like a Tesla Model S. A combination of performance and sustainability.",
"Speaker 1","Yes, true. I can't blame you. Teslas are packed with cutting edge tech.",
"Speaker 2","And the engine torque is awesome. And it's cheap to own.",
"Speaker 1","True. I would have to pay a lot for restoration. Paintwork itself would cost me thousands of euros.",
"Speaker 2","True.",
"Speaker 1","I would like a Ford S Challenge. Did you hear about the advancements in self-heating paint technology?",
"Speaker 2","Self-heating paint? It's a game changer. No more worrying about scratches.",
"Speaker 1","Exactly. But I guess it'll be some time before we can try it on our own cars.",
"Speaker 2","Yes, we will see.",
"Speaker 1","Have you ever had the drive in a convertible?",
"Speaker 2","Yeah, a few times in the countryside with my dad. There's something exhilarating about cruising with the top down.",
"Speaker 1","Nice. Your dad owned one?",
"Speaker 2","Yeah, but he sold it. He now owns a stripped-down racecar for track racing.",
"Speaker 1","That's cool. Definitely.",
"Speaker 2","Do you follow any racing competitions?",
"Speaker 1","Formula 1 mostly. The speed, precision, high stakes, it's like ballet on wheels.",
"Speaker 2","The engineering marvels in those cars are quite impressive.",
"Speaker 1","And the skill of those drivers, navigating those tracks at top speeds, it's a whole different level of expertise.",
"Speaker 2","Did you ever consider taking up racing as a hobby?",
"Speaker 1","I've thought about it. But the adrenaline rush must be insane. It's a whole different ballgame from regular driving.",
"Speaker 2","True. It requires intense focus and skill. Maybe one day, it's a wicked thrill.",
"Speaker 1","It could be fun.",
"Speaker 2","Alright. Looks like we're ready to wrap up for the day.",
"Speaker 1","Time sure flies when you're chatting about cars.",
"Speaker 2","Absolutely. Same time tomorrow?",
"Speaker 1","You bet. Let's keep our engines revving. Metaphorically speaking.",
"Speaker 2","See you then.",
,,"The conversation revolves around admiration for various cars, including Mercedes, classic Porsches, Ford Mustangs, and Tesla Model S. They discuss the shift towards eco-friendly options, the allure of electric cars, advancements in technology like self-heating paint, and the future of autonomous vehicles. They also touch upon experiences with convertibles, racing competitions like Formula 1, and the possibility of taking up racing as a hobby. The main takeaway is their shared enthusiasm for cars and the diverse aspects of automotive culture they explore."
